gene,position,events
ORF1a,2,1
ORF1a,8,1
ORF1a,19,1
ORF1a,22,1
ORF1a,24,3
ORF1a,27,2
ORF1a,29,1
ORF1a,30,1
ORF1a,36,1
ORF1a,37,3
ORF1a,44,2
ORF1a,45,3
ORF1a,46,1
ORF1a,48,1
ORF1a,50,2
ORF1a,57,2
ORF1a,58,1
ORF1a,60,2
ORF1a,62,1
ORF1a,66,1
ORF1a,73,1
ORF1a,74,2
ORF1a,75,1
ORF1a,76,1
ORF1a,80,1
ORF1a,81,7
ORF1a,82,43
ORF1a,83,41
ORF1a,84,59
ORF1a,85,69
ORF1a,86,25
ORF1a,87,7
ORF1a,88,1
ORF1a,92,2
ORF1a,93,2
ORF1a,94,1
ORF1a,99,2
ORF1a,102,3
ORF1a,104,1
ORF1a,105,1
ORF1a,107,2
ORF1a,109,1
ORF1a,110,5
ORF1a,112,1
ORF1a,117,2
ORF1a,120,2
ORF1a,122,1
ORF1a,124,2
ORF1a,128,1
ORF1a,133,2
ORF1a,135,10
ORF1a,137,1
ORF1a,141,17
ORF1a,142,18
ORF1a,143,18
ORF1a,144,2
ORF1a,146,3
ORF1a,147,1
ORF1a,148,2
ORF1a,150,2
ORF1a,152,1
ORF1a,166,1
ORF1a,170,1
ORF1a,181,2
ORF1a,182,1
ORF1a,183,1
ORF1a,184,2
ORF1a,190,1
ORF1a,192,1
ORF1a,193,2
ORF1a,196,1
ORF1a,197,1
ORF1a,199,1
ORF1a,201,1
ORF1a,203,4
ORF1a,204,2
ORF1a,206,2
ORF1a,207,4
ORF1a,211,1
ORF1a,212,2
ORF1a,213,1
ORF1a,216,2
ORF1a,220,2
ORF1a,224,5
ORF1a,227,1
ORF1a,228,1
ORF1a,229,3
ORF1a,231,1
ORF1a,232,1
ORF1a,233,1
ORF1a,242,1
ORF1a,247,1
ORF1a,261,3
ORF1a,265,4
ORF1a,269,1
ORF1a,270,1
ORF1a,271,4
ORF1a,274,1
ORF1a,276,1
ORF1a,279,3
ORF1a,281,2
ORF1a,284,1
ORF1a,285,1
ORF1a,286,1
ORF1a,287,1
ORF1a,292,2
ORF1a,295,1
ORF1a,299,1
ORF1a,300,2
ORF1a,302,4
ORF1a,305,2
ORF1a,306,1
ORF1a,307,1
ORF1a,309,15
ORF1a,310,1
ORF1a,311,1
ORF1a,315,2
ORF1a,316,1
ORF1a,318,1
ORF1a,319,1
ORF1a,324,1
ORF1a,325,1
ORF1a,329,1
ORF1a,330,1
ORF1a,333,4
ORF1a,334,1
ORF1a,335,2
ORF1a,342,1
ORF1a,346,3
ORF1a,347,2
ORF1a,350,4
ORF1a,352,1
ORF1a,353,1
ORF1a,354,1
ORF1a,355,1
ORF1a,361,1
ORF1a,365,1
ORF1a,372,2
ORF1a,374,2
ORF1a,376,4
ORF1a,377,1
ORF1a,378,1
ORF1a,380,2
ORF1a,383,1
ORF1a,384,1
ORF1a,386,1
ORF1a,392,2
ORF1a,397,1
ORF1a,398,4
ORF1a,400,1
ORF1a,403,4
ORF1a,405,1
ORF1a,412,1
ORF1a,417,3
ORF1a,418,1
ORF1a,422,1
ORF1a,427,3
ORF1a,428,3
ORF1a,429,1
ORF1a,431,3
ORF1a,432,1
ORF1a,438,1
ORF1a,440,1
ORF1a,441,1
ORF1a,442,1
ORF1a,443,5
ORF1a,445,1
ORF1a,446,3
ORF1a,448,1
ORF1a,451,3
ORF1a,454,1
ORF1a,455,1
ORF1a,456,1
ORF1a,460,1
ORF1a,463,1
ORF1a,464,1
ORF1a,471,1
ORF1a,478,1
ORF1a,479,1
ORF1a,481,1
ORF1a,486,3
ORF1a,488,1
ORF1a,495,1
ORF1a,498,2
ORF1a,501,1
ORF1a,503,1
ORF1a,506,1
ORF1a,516,4
ORF1a,519,11
ORF1a,524,1
ORF1a,529,2
ORF1a,535,1
ORF1a,538,2
ORF1a,539,1
ORF1a,540,3
ORF1a,541,1
ORF1a,547,1
ORF1a,548,1
ORF1a,549,1
ORF1a,550,2
ORF1a,551,2
ORF1a,552,3
ORF1a,556,2
ORF1a,558,3
ORF1a,561,4
ORF1a,564,2
ORF1a,565,1
ORF1a,568,1
ORF1a,580,2
ORF1a,583,1
ORF1a,584,3
ORF1a,585,2
ORF1a,588,1
ORF1a,590,1
ORF1a,591,2
ORF1a,592,2
ORF1a,599,3
ORF1a,602,1
ORF1a,604,1
ORF1a,606,1
ORF1a,609,4
ORF1a,610,3
ORF1a,612,1
ORF1a,614,2
ORF1a,616,3
ORF1a,618,1
ORF1a,626,2
ORF1a,627,4
ORF1a,630,3
ORF1a,631,2
ORF1a,633,3
ORF1a,634,1
ORF1a,636,1
ORF1a,637,1
ORF1a,642,5
ORF1a,644,1
ORF1a,645,3
ORF1a,646,1
ORF1a,650,1
ORF1a,653,1
ORF1a,655,4
ORF1a,656,2
ORF1a,657,1
ORF1a,661,1
ORF1a,663,1
ORF1a,665,2
ORF1a,667,1
ORF1a,668,3
ORF1a,669,2
ORF1a,671,1
ORF1a,672,1
ORF1a,674,1
ORF1a,677,1
ORF1a,679,2
ORF1a,680,1
ORF1a,681,2
ORF1a,682,2
ORF1a,690,4
ORF1a,691,2
ORF1a,694,2
ORF1a,697,1
ORF1a,700,1
ORF1a,708,5
ORF1a,713,1
ORF1a,721,2
ORF1a,723,2
ORF1a,726,2
ORF1a,727,5
ORF1a,728,3
ORF1a,730,3
ORF1a,732,1
ORF1a,734,2
ORF1a,735,1
ORF1a,737,1
ORF1a,739,2
ORF1a,740,1
ORF1a,743,1
ORF1a,745,2
ORF1a,747,1
ORF1a,748,2
ORF1a,750,1
ORF1a,751,1
ORF1a,753,1
ORF1a,754,1
ORF1a,757,1
ORF1a,760,1
ORF1a,762,2
ORF1a,765,1
ORF1a,767,1
ORF1a,774,1
ORF1a,788,1
ORF1a,792,1
ORF1a,794,1
ORF1a,798,4
ORF1a,800,1
ORF1a,804,2
ORF1a,815,1
ORF1a,817,1
ORF1a,818,1
ORF1a,819,1
ORF1a,820,2
ORF1a,821,1
ORF1a,824,1
ORF1a,827,2
ORF1a,829,1
ORF1a,837,1
ORF1a,842,3
ORF1a,848,1
ORF1a,856,3
ORF1a,858,1
ORF1a,859,3
ORF1a,866,1
ORF1a,868,1
ORF1a,872,3
ORF1a,873,1
ORF1a,877,2
ORF1a,879,1
ORF1a,885,4
ORF1a,886,1
ORF1a,890,1
ORF1a,891,2
ORF1a,892,2
ORF1a,893,1
ORF1a,894,1
ORF1a,902,2
ORF1a,903,6
ORF1a,910,1
ORF1a,917,1
ORF1a,919,3
ORF1a,925,1
ORF1a,928,3
ORF1a,930,1
ORF1a,934,1
ORF1a,937,1
ORF1a,938,1
ORF1a,940,2
ORF1a,941,1
ORF1a,942,1
ORF1a,943,3
ORF1a,944,9
ORF1a,946,1
ORF1a,947,1
ORF1a,951,3
ORF1a,953,7
ORF1a,954,1
ORF1a,957,1
ORF1a,959,2
ORF1a,963,2
ORF1a,964,2
ORF1a,966,2
ORF1a,967,1
ORF1a,968,1
ORF1a,969,2
ORF1a,971,10
ORF1a,973,1
ORF1a,975,1
ORF1a,978,1
ORF1a,979,1
ORF1a,981,1
ORF1a,983,4
ORF1a,985,1
ORF1a,989,3
ORF1a,993,2
ORF1a,995,1
ORF1a,996,2
ORF1a,998,2
ORF1a,999,6
ORF1a,1000,1
ORF1a,1001,2
ORF1a,1005,1
ORF1a,1008,1
ORF1a,1009,1
ORF1a,1010,2
ORF1a,1013,1
ORF1a,1014,1
ORF1a,1015,1
ORF1a,1016,1
ORF1a,1018,2
ORF1a,1021,1
ORF1a,1022,2
ORF1a,1023,1
ORF1a,1024,1
ORF1a,1025,1
ORF1a,1026,1
ORF1a,1027,2
ORF1a,1028,1
ORF1a,1034,1
ORF1a,1035,1
ORF1a,1036,1
ORF1a,1042,1
ORF1a,1049,6
ORF1a,1053,1
ORF1a,1054,1
ORF1a,1055,2
ORF1a,1056,3
ORF1a,1057,1
ORF1a,1068,1
ORF1a,1069,1
ORF1a,1071,2
ORF1a,1073,3
ORF1a,1074,1
ORF1a,1078,1
ORF1a,1082,2
ORF1a,1083,2
ORF1a,1087,1
ORF1a,1088,1
ORF1a,1089,1
ORF1a,1090,1
ORF1a,1091,1
ORF1a,1092,2
ORF1a,1093,1
ORF1a,1094,1
ORF1a,1096,1
ORF1a,1099,4
ORF1a,1100,1
ORF1a,1101,1
ORF1a,1103,1
ORF1a,1106,1
ORF1a,1108,1
ORF1a,1113,3
ORF1a,1114,1
ORF1a,1115,1
ORF1a,1117,1
ORF1a,1118,1
ORF1a,1120,1
ORF1a,1123,1
ORF1a,1127,1
ORF1a,1130,2
ORF1a,1131,1
ORF1a,1134,1
ORF1a,1141,4
ORF1a,1143,4
ORF1a,1145,1
ORF1a,1148,1
ORF1a,1151,1
ORF1a,1152,1
ORF1a,1153,2
ORF1a,1155,1
ORF1a,1156,1
ORF1a,1158,4
ORF1a,1160,3
ORF1a,1167,1
ORF1a,1168,5
ORF1a,1170,3
ORF1a,1171,1
ORF1a,1176,1
ORF1a,1179,2
ORF1a,1181,1
ORF1a,1186,1
ORF1a,1187,1
ORF1a,1188,3
ORF1a,1191,1
ORF1a,1195,1
ORF1a,1196,2
ORF1a,1200,1
ORF1a,1202,2
ORF1a,1203,1
ORF1a,1204,4
ORF1a,1205,2
ORF1a,1207,1
ORF1a,1209,1
ORF1a,1211,1
ORF1a,1213,3
ORF1a,1217,1
ORF1a,1218,1
ORF1a,1220,5
ORF1a,1221,2
ORF1a,1227,2
ORF1a,1228,2
ORF1a,1230,2
ORF1a,1232,1
ORF1a,1234,1
ORF1a,1239,1
ORF1a,1240,1
ORF1a,1243,1
ORF1a,1246,1
ORF1a,1259,1
ORF1a,1268,1
ORF1a,1269,1
ORF1a,1272,1
ORF1a,1274,1
ORF1a,1280,1
ORF1a,1281,1
ORF1a,1283,2
ORF1a,1287,1
ORF1a,1291,1
ORF1a,1292,1
ORF1a,1295,3
ORF1a,1298,1
ORF1a,1305,1
ORF1a,1306,1
ORF1a,1307,3
ORF1a,1314,2
ORF1a,1321,1
ORF1a,1322,1
ORF1a,1326,1
ORF1a,1329,1
ORF1a,1335,1
ORF1a,1339,1
ORF1a,1352,3
ORF1a,1354,1
ORF1a,1361,1
ORF1a,1374,1
ORF1a,1375,1
ORF1a,1378,2
ORF1a,1381,1
ORF1a,1386,1
ORF1a,1393,2
ORF1a,1395,1
ORF1a,1397,3
ORF1a,1398,1
ORF1a,1400,1
ORF1a,1416,1
ORF1a,1420,1
ORF1a,1421,1
ORF1a,1428,2
ORF1a,1429,3
ORF1a,1432,2
ORF1a,1435,1
ORF1a,1437,1
ORF1a,1440,1
ORF1a,1470,1
ORF1a,1473,2
ORF1a,1474,1
ORF1a,1478,1
ORF1a,1490,1
ORF1a,1493,1
ORF1a,1496,2
ORF1a,1497,2
ORF1a,1498,1
ORF1a,1504,2
ORF1a,1507,4
ORF1a,1508,1
ORF1a,1513,1
ORF1a,1516,1
ORF1a,1517,1
ORF1a,1520,1
ORF1a,1532,1
ORF1a,1533,1
ORF1a,1534,1
ORF1a,1538,1
ORF1a,1541,1
ORF1a,1543,4
ORF1a,1545,1
ORF1a,1546,1
ORF1a,1551,1
ORF1a,1552,1
ORF1a,1555,1
ORF1a,1566,1
ORF1a,1567,1
ORF1a,1571,2
ORF1a,1572,1
ORF1a,1582,1
ORF1a,1583,2
ORF1a,1584,1
ORF1a,1586,2
ORF1a,1587,2
ORF1a,1589,2
ORF1a,1592,1
ORF1a,1595,1
ORF1a,1596,2
ORF1a,1597,1
ORF1a,1599,1
ORF1a,1600,1
ORF1a,1615,1
ORF1a,1617,1
ORF1a,1626,2
ORF1a,1628,2
ORF1a,1629,2
ORF1a,1631,1
ORF1a,1633,2
ORF1a,1636,1
ORF1a,1637,2
ORF1a,1638,1
ORF1a,1639,1
ORF1a,1640,7
ORF1a,1653,1
ORF1a,1655,3
ORF1a,1659,1
ORF1a,1662,1
ORF1a,1665,2
ORF1a,1678,1
ORF1a,1679,1
ORF1a,1682,1
ORF1a,1686,1
ORF1a,1705,1
ORF1a,1708,1
ORF1a,1714,1
ORF1a,1716,1
ORF1a,1720,2
ORF1a,1721,1
ORF1a,1724,1
ORF1a,1727,1
ORF1a,1733,1
ORF1a,1734,2
ORF1a,1749,1
ORF1a,1750,2
ORF1a,1754,3
ORF1a,1760,2
ORF1a,1762,1
ORF1a,1763,1
ORF1a,1766,1
ORF1a,1767,1
ORF1a,1769,3
ORF1a,1771,2
ORF1a,1785,1
ORF1a,1786,2
ORF1a,1788,1
ORF1a,1795,1
ORF1a,1803,8
ORF1a,1809,1
ORF1a,1810,1
ORF1a,1812,1
ORF1a,1817,1
ORF1a,1820,3
ORF1a,1822,4
ORF1a,1824,3
ORF1a,1828,1
ORF1a,1837,1
ORF1a,1840,2
ORF1a,1844,1
ORF1a,1851,1
ORF1a,1852,1
ORF1a,1853,2
ORF1a,1854,5
ORF1a,1856,2
ORF1a,1859,1
ORF1a,1860,1
ORF1a,1862,2
ORF1a,1863,1
ORF1a,1871,1
ORF1a,1874,1
ORF1a,1876,1
ORF1a,1878,1
ORF1a,1880,1
ORF1a,1881,6
ORF1a,1887,2
ORF1a,1889,1
ORF1a,1890,2
ORF1a,1895,3
ORF1a,1898,1
ORF1a,1903,1
ORF1a,1918,1
ORF1a,1921,6
ORF1a,1935,1
ORF1a,1943,1
ORF1a,1947,2
ORF1a,1948,1
ORF1a,1950,1
ORF1a,1952,1
ORF1a,1953,1
ORF1a,1962,1
ORF1a,1964,1
ORF1a,1977,1
ORF1a,1978,1
ORF1a,1983,2
ORF1a,1991,1
ORF1a,1997,2
ORF1a,1998,1
ORF1a,2001,1
ORF1a,2002,1
ORF1a,2003,2
ORF1a,2007,4
ORF1a,2010,1
ORF1a,2016,4
ORF1a,2018,8
ORF1a,2019,1
ORF1a,2020,1
ORF1a,2021,2
ORF1a,2023,1
ORF1a,2024,2
ORF1a,2029,2
ORF1a,2030,2
ORF1a,2032,1
ORF1a,2033,1
ORF1a,2034,1
ORF1a,2036,1
ORF1a,2038,1
ORF1a,2039,3
ORF1a,2043,2
ORF1a,2046,7
ORF1a,2047,1
ORF1a,2048,2
ORF1a,2049,1
ORF1a,2053,1
ORF1a,2055,1
ORF1a,2057,1
ORF1a,2059,2
ORF1a,2060,2
ORF1a,2061,3
ORF1a,2062,3
ORF1a,2063,1
ORF1a,2068,2
ORF1a,2069,1
ORF1a,2072,1
ORF1a,2079,2
ORF1a,2080,1
ORF1a,2081,3
ORF1a,2082,1
ORF1a,2083,10
ORF1a,2084,6
ORF1a,2085,1
ORF1a,2086,2
ORF1a,2087,1
ORF1a,2091,1
ORF1a,2092,5
ORF1a,2093,1
ORF1a,2096,1
ORF1a,2097,1
ORF1a,2102,1
ORF1a,2103,4
ORF1a,2105,1
ORF1a,2106,1
ORF1a,2109,1
ORF1a,2114,1
ORF1a,2118,1
ORF1a,2119,1
ORF1a,2121,2
ORF1a,2122,1
ORF1a,2123,5
ORF1a,2124,4
ORF1a,2125,1
ORF1a,2128,1
ORF1a,2134,1
ORF1a,2137,1
ORF1a,2139,1
ORF1a,2143,1
ORF1a,2144,4
ORF1a,2146,2
ORF1a,2147,3
ORF1a,2148,1
ORF1a,2149,1
ORF1a,2150,1
ORF1a,2153,3
ORF1a,2154,2
ORF1a,2157,1
ORF1a,2162,1
ORF1a,2166,4
ORF1a,2172,1
ORF1a,2179,1
ORF1a,2181,2
ORF1a,2188,1
ORF1a,2193,2
ORF1a,2197,1
ORF1a,2198,1
ORF1a,2200,3
ORF1a,2201,1
ORF1a,2207,2
ORF1a,2208,1
ORF1a,2210,1
ORF1a,2212,1
ORF1a,2218,1
ORF1a,2224,2
ORF1a,2230,1
ORF1a,2231,1
ORF1a,2233,1
ORF1a,2234,1
ORF1a,2235,1
ORF1a,2237,1
ORF1a,2238,1
ORF1a,2239,1
ORF1a,2241,1
ORF1a,2242,2
ORF1a,2244,2
ORF1a,2247,1
ORF1a,2248,1
ORF1a,2249,1
ORF1a,2254,1
ORF1a,2255,1
ORF1a,2256,1
ORF1a,2258,1
ORF1a,2259,3
ORF1a,2261,1
ORF1a,2264,1
ORF1a,2265,3
ORF1a,2266,1
ORF1a,2268,1
ORF1a,2274,1
ORF1a,2278,3
ORF1a,2279,1
ORF1a,2280,1
ORF1a,2283,3
ORF1a,2285,1
ORF1a,2287,7
ORF1a,2300,5
ORF1a,2303,2
ORF1a,2306,1
ORF1a,2310,1
ORF1a,2316,1
ORF1a,2320,1
ORF1a,2321,1
ORF1a,2322,1
ORF1a,2332,1
ORF1a,2336,1
ORF1a,2342,1
ORF1a,2345,5
ORF1a,2347,1
ORF1a,2352,1
ORF1a,2374,1
ORF1a,2376,1
ORF1a,2379,1
ORF1a,2387,2
ORF1a,2405,1
ORF1a,2406,1
ORF1a,2430,1
ORF1a,2454,1
ORF1a,2488,5
ORF1a,2489,1
ORF1a,2490,1
ORF1a,2495,2
ORF1a,2498,1
ORF1a,2500,7
ORF1a,2501,2
ORF1a,2502,1
ORF1a,2506,1
ORF1a,2508,3
ORF1a,2510,1
ORF1a,2511,3
ORF1a,2519,1
ORF1a,2520,1
ORF1a,2524,1
ORF1a,2529,3
ORF1a,2531,1
ORF1a,2534,1
ORF1a,2535,3
ORF1a,2536,1
ORF1a,2540,1
ORF1a,2543,1
ORF1a,2552,1
ORF1a,2554,4
ORF1a,2555,1
ORF1a,2563,1
ORF1a,2565,1
ORF1a,2574,2
ORF1a,2579,1
ORF1a,2584,2
ORF1a,2585,1
ORF1a,2587,1
ORF1a,2588,2
ORF1a,2589,2
ORF1a,2592,1
ORF1a,2593,1
ORF1a,2596,1
ORF1a,2603,2
ORF1a,2606,1
ORF1a,2609,2
ORF1a,2611,2
ORF1a,2613,1
ORF1a,2614,1
ORF1a,2615,2
ORF1a,2616,2
ORF1a,2621,2
ORF1a,2625,1
ORF1a,2627,2
ORF1a,2631,2
ORF1a,2638,1
ORF1a,2642,1
ORF1a,2648,2
ORF1a,2661,1
ORF1a,2665,2
ORF1a,2667,2
ORF1a,2684,2
ORF1a,2685,4
ORF1a,2688,1
ORF1a,2690,1
ORF1a,2702,1
ORF1a,2703,1
ORF1a,2706,1
ORF1a,2708,1
ORF1a,2710,4
ORF1a,2712,1
ORF1a,2715,1
ORF1a,2739,2
ORF1a,2750,1
ORF1a,2759,1
ORF1a,2761,1
ORF1a,2766,1
ORF1a,2767,1
ORF1a,2769,2
ORF1a,2770,1
ORF1a,2773,1
ORF1a,2777,2
ORF1a,2778,2
ORF1a,2780,1
ORF1a,2781,2
ORF1a,2784,1
ORF1a,2785,1
ORF1a,2790,4
ORF1a,2791,5
ORF1a,2796,4
ORF1a,2797,3
ORF1a,2800,1
ORF1a,2806,1
ORF1a,2810,1
ORF1a,2816,1
ORF1a,2817,1
ORF1a,2822,1
ORF1a,2823,4
ORF1a,2828,1
ORF1a,2831,1
ORF1a,2832,1
ORF1a,2833,1
ORF1a,2836,2
ORF1a,2844,1
ORF1a,2846,2
ORF1a,2847,1
ORF1a,2849,1
ORF1a,2850,1
ORF1a,2854,1
ORF1a,2855,1
ORF1a,2856,2
ORF1a,2857,3
ORF1a,2862,1
ORF1a,2872,1
ORF1a,2875,1
ORF1a,2876,2
ORF1a,2883,1
ORF1a,2891,2
ORF1a,2900,4
ORF1a,2904,1
ORF1a,2906,3
ORF1a,2907,1
ORF1a,2909,5
ORF1a,2929,1
ORF1a,2930,2
ORF1a,2931,1
ORF1a,2936,1
ORF1a,2943,1
ORF1a,2947,1
ORF1a,2950,1
ORF1a,2951,1
ORF1a,2952,2
ORF1a,2957,1
ORF1a,2966,2
ORF1a,2967,6
ORF1a,2980,6
ORF1a,2994,3
ORF1a,2998,1
ORF1a,2999,1
ORF1a,3000,2
ORF1a,3010,1
ORF1a,3013,1
ORF1a,3018,1
ORF1a,3027,5
ORF1a,3028,1
ORF1a,3035,1
ORF1a,3040,2
ORF1a,3044,1
ORF1a,3053,1
ORF1a,3057,1
ORF1a,3059,3
ORF1a,3063,1
ORF1a,3066,1
ORF1a,3070,1
ORF1a,3071,1
ORF1a,3076,2
ORF1a,3086,3
ORF1a,3087,3
ORF1a,3090,5
ORF1a,3099,1
ORF1a,3112,1
ORF1a,3116,1
ORF1a,3117,1
ORF1a,3129,1
ORF1a,3142,1
ORF1a,3143,6
ORF1a,3149,5
ORF1a,3150,1
ORF1a,3158,3
ORF1a,3162,1
ORF1a,3164,1
ORF1a,3165,1
ORF1a,3166,1
ORF1a,3192,1
ORF1a,3201,4
ORF1a,3202,1
ORF1a,3209,4
ORF1a,3210,2
ORF1a,3220,4
ORF1a,3221,1
ORF1a,3222,1
ORF1a,3224,1
ORF1a,3225,1
ORF1a,3244,1
ORF1a,3246,1
ORF1a,3255,6
ORF1a,3258,1
ORF1a,3263,1
ORF1a,3264,1
ORF1a,3278,2
ORF1a,3280,2
ORF1a,3281,1
ORF1a,3284,3
ORF1a,3287,4
ORF1a,3309,1
ORF1a,3313,2
ORF1a,3318,1
ORF1a,3324,1
ORF1a,3328,2
ORF1a,3331,1
ORF1a,3333,1
ORF1a,3334,1
ORF1a,3336,1
ORF1a,3338,2
ORF1a,3347,1
ORF1a,3349,1
ORF1a,3352,1
ORF1a,3353,17
ORF1a,3355,1
ORF1a,3356,2
ORF1a,3357,1
ORF1a,3359,5
ORF1a,3360,1
ORF1a,3363,1
ORF1a,3371,9
ORF1a,3379,2
ORF1a,3382,1
ORF1a,3384,1
ORF1a,3395,4
ORF1a,3420,1
ORF1a,3425,2
ORF1a,3432,2
ORF1a,3434,1
ORF1a,3443,1
ORF1a,3447,1
ORF1a,3451,1
ORF1a,3454,2
ORF1a,3456,1
ORF1a,3459,1
ORF1a,3461,1
ORF1a,3468,1
ORF1a,3475,1
ORF1a,3476,1
ORF1a,3483,1
ORF1a,3485,1
ORF1a,3488,1
ORF1a,3492,1
ORF1a,3493,1
ORF1a,3504,6
ORF1a,3509,1
ORF1a,3523,4
ORF1a,3524,2
ORF1a,3526,1
ORF1a,3529,2
ORF1a,3532,1
ORF1a,3535,1
ORF1a,3537,3
ORF1a,3539,1
ORF1a,3540,1
ORF1a,3542,2
ORF1a,3547,1
ORF1a,3548,1
ORF1a,3559,1
ORF1a,3571,4
ORF1a,3573,1
ORF1a,3578,1
ORF1a,3579,3
ORF1a,3587,2
ORF1a,3593,1
ORF1a,3595,1
ORF1a,3596,1
ORF1a,3598,1
ORF1a,3604,2
ORF1a,3606,24
ORF1a,3610,1
ORF1a,3615,1
ORF1a,3616,1
ORF1a,3617,1
ORF1a,3618,1
ORF1a,3620,5
ORF1a,3621,1
ORF1a,3623,1
ORF1a,3624,1
ORF1a,3625,1
ORF1a,3641,1
ORF1a,3644,4
ORF1a,3646,2
ORF1a,3648,1
ORF1a,3649,1
ORF1a,3653,2
ORF1a,3655,1
ORF1a,3657,5
ORF1a,3660,1
ORF1a,3662,1
ORF1a,3665,1
ORF1a,3667,1
ORF1a,3671,1
ORF1a,3673,2
ORF1a,3674,9
ORF1a,3675,27
ORF1a,3676,26
ORF1a,3677,20
ORF1a,3687,1
ORF1a,3690,1
ORF1a,3691,1
ORF1a,3693,1
ORF1a,3697,1
ORF1a,3704,1
ORF1a,3705,2
ORF1a,3717,1
ORF1a,3718,6
ORF1a,3722,1
ORF1a,3726,4
ORF1a,3729,2
ORF1a,3730,3
ORF1a,3731,2
ORF1a,3733,2
ORF1a,3749,3
ORF1a,3750,3
ORF1a,3751,1
ORF1a,3752,3
ORF1a,3753,4
ORF1a,3754,1
ORF1a,3757,1
ORF1a,3758,6
ORF1a,3759,1
ORF1a,3764,2
ORF1a,3766,1
ORF1a,3767,1
ORF1a,3769,1
ORF1a,3777,1
ORF1a,3790,1
ORF1a,3800,1
ORF1a,3801,1
ORF1a,3802,1
ORF1a,3829,13
ORF1a,3833,1
ORF1a,3839,1
ORF1a,3842,1
ORF1a,3856,1
ORF1a,3858,3
ORF1a,3862,1
ORF1a,3864,1
ORF1a,3875,1
ORF1a,3879,1
ORF1a,3881,1
ORF1a,3884,1
ORF1a,3893,1
ORF1a,3898,1
ORF1a,3902,1
ORF1a,3905,1
ORF1a,3909,2
ORF1a,3915,2
ORF1a,3919,3
ORF1a,3923,1
ORF1a,3925,1
ORF1a,3926,2
ORF1a,3930,3
ORF1a,3932,1
ORF1a,3936,1
ORF1a,3939,1
ORF1a,3946,1
ORF1a,3951,3
ORF1a,3958,1
ORF1a,3963,1
ORF1a,3966,2
ORF1a,3972,1
ORF1a,3979,1
ORF1a,3983,1
ORF1a,3987,1
ORF1a,3993,1
ORF1a,3997,1
ORF1a,3999,1
ORF1a,4016,3
ORF1a,4018,1
ORF1a,4019,1
ORF1a,4035,1
ORF1a,4051,1
ORF1a,4064,2
ORF1a,4065,4
ORF1a,4075,1
ORF1a,4078,1
ORF1a,4081,1
ORF1a,4083,3
ORF1a,4087,6
ORF1a,4088,2
ORF1a,4090,5
ORF1a,4097,1
ORF1a,4098,1
ORF1a,4110,1
ORF1a,4120,1
ORF1a,4126,2
ORF1a,4129,4
ORF1a,4130,1
ORF1a,4136,1
ORF1a,4147,2
ORF1a,4158,1
ORF1a,4159,2
ORF1a,4161,9
ORF1a,4164,1
ORF1a,4165,2
ORF1a,4174,2
ORF1a,4175,4
ORF1a,4177,1
ORF1a,4178,1
ORF1a,4179,1
ORF1a,4182,2
ORF1a,4189,1
ORF1a,4197,1
ORF1a,4199,1
ORF1a,4204,1
ORF1a,4205,1
ORF1a,4207,1
ORF1a,4211,2
ORF1a,4216,1
ORF1a,4217,1
ORF1a,4220,5
ORF1a,4222,1
ORF1a,4223,2
ORF1a,4241,2
ORF1a,4248,1
ORF1a,4249,1
ORF1a,4257,2
ORF1a,4258,1
ORF1a,4265,2
ORF1a,4285,2
ORF1a,4287,1
ORF1a,4292,2
ORF1a,4295,1
ORF1a,4302,4
ORF1a,4304,4
ORF1a,4311,2
ORF1a,4317,1
ORF1a,4321,1
ORF1a,4334,1
ORF1a,4337,1
ORF1a,4344,1
ORF1a,4350,1
ORF1a,4352,1
ORF1a,4354,3
ORF1a,4355,2
ORF1a,4357,4
ORF1a,4364,1
ORF1a,4377,2
ORF1a,4379,1
ORF1a,4380,1
ORF1a,4387,3
ORF1a,4390,1
ORF1a,4391,2
ORF1a,4394,1
ORF1a,4398,1
ORF1b,7,1
ORF1b,12,1
ORF1b,17,6
ORF1b,33,1
ORF1b,35,1
ORF1b,43,2
ORF1b,50,3
ORF1b,53,2
ORF1b,54,1
ORF1b,67,1
ORF1b,76,2
ORF1b,82,2
ORF1b,83,2
ORF1b,85,2
ORF1b,88,3
ORF1b,97,1
ORF1b,99,1
ORF1b,101,1
ORF1b,103,1
ORF1b,115,4
ORF1b,131,1
ORF1b,132,2
ORF1b,139,1
ORF1b,144,1
ORF1b,154,2
ORF1b,159,1
ORF1b,160,1
ORF1b,161,1
ORF1b,165,1
ORF1b,170,1
ORF1b,176,4
ORF1b,183,1
ORF1b,187,1
ORF1b,188,1
ORF1b,189,1
ORF1b,190,1
ORF1b,195,2
ORF1b,214,3
ORF1b,217,1
ORF1b,218,6
ORF1b,219,2
ORF1b,220,2
ORF1b,237,3
ORF1b,239,1
ORF1b,240,2
ORF1b,241,1
ORF1b,244,1
ORF1b,247,1
ORF1b,248,1
ORF1b,253,1
ORF1b,255,1
ORF1b,257,1
ORF1b,261,1
ORF1b,263,1
ORF1b,267,4
ORF1b,275,1
ORF1b,276,1
ORF1b,281,1
ORF1b,284,4
ORF1b,286,1
ORF1b,302,2
ORF1b,306,1
ORF1b,314,8
ORF1b,317,1
ORF1b,348,1
ORF1b,371,1
ORF1b,373,2
ORF1b,374,1
ORF1b,375,1
ORF1b,383,1
ORF1b,385,1
ORF1b,390,1
ORF1b,396,1
ORF1b,403,1
ORF1b,414,1
ORF1b,425,1
ORF1b,426,1
ORF1b,436,1
ORF1b,440,1
ORF1b,454,2
ORF1b,498,1
ORF1b,514,1
ORF1b,517,1
ORF1b,520,3
ORF1b,527,1
ORF1b,533,1
ORF1b,574,2
ORF1b,576,3
ORF1b,578,1
ORF1b,579,1
ORF1b,582,1
ORF1b,587,1
ORF1b,592,1
ORF1b,602,1
ORF1b,604,1
ORF1b,606,1
ORF1b,617,1
ORF1b,620,1
ORF1b,634,2
ORF1b,635,2
ORF1b,638,1
ORF1b,639,1
ORF1b,657,1
ORF1b,662,5
ORF1b,666,1
ORF1b,685,18
ORF1b,690,1
ORF1b,701,1
ORF1b,709,1
ORF1b,711,2
ORF1b,729,1
ORF1b,730,1
ORF1b,734,1
ORF1b,735,2
ORF1b,759,1
ORF1b,767,1
ORF1b,794,1
ORF1b,797,3
ORF1b,801,1
ORF1b,813,6
ORF1b,814,1
ORF1b,816,1
ORF1b,820,1
ORF1b,821,2
ORF1b,829,2
ORF1b,861,1
ORF1b,863,1
ORF1b,866,4
ORF1b,867,1
ORF1b,869,1
ORF1b,870,1
ORF1b,887,1
ORF1b,899,2
ORF1b,909,1
ORF1b,920,1
ORF1b,938,1
ORF1b,941,2
ORF1b,957,1
ORF1b,959,7
ORF1b,961,1
ORF1b,966,1
ORF1b,970,1
ORF1b,972,1
ORF1b,976,7
ORF1b,997,4
ORF1b,1000,1
ORF1b,1001,1
ORF1b,1021,1
ORF1b,1025,2
ORF1b,1028,1
ORF1b,1030,2
ORF1b,1031,2
ORF1b,1038,3
ORF1b,1044,1
ORF1b,1048,1
ORF1b,1050,5
ORF1b,1052,1
ORF1b,1064,1
ORF1b,1074,1
ORF1b,1077,1
ORF1b,1087,5
ORF1b,1089,4
ORF1b,1092,1
ORF1b,1093,2
ORF1b,1094,1
ORF1b,1095,4
ORF1b,1098,1
ORF1b,1099,2
ORF1b,1110,1
ORF1b,1129,3
ORF1b,1130,1
ORF1b,1131,1
ORF1b,1137,1
ORF1b,1141,1
ORF1b,1145,1
ORF1b,1154,1
ORF1b,1155,1
ORF1b,1156,3
ORF1b,1173,1
ORF1b,1174,1
ORF1b,1181,1
ORF1b,1182,5
ORF1b,1183,2
ORF1b,1184,2
ORF1b,1186,1
ORF1b,1187,1
ORF1b,1197,4
ORF1b,1200,1
ORF1b,1201,1
ORF1b,1203,1
ORF1b,1213,3
ORF1b,1215,1
ORF1b,1217,1
ORF1b,1218,1
ORF1b,1219,3
ORF1b,1227,1
ORF1b,1235,1
ORF1b,1247,2
ORF1b,1249,1
ORF1b,1257,1
ORF1b,1259,1
ORF1b,1261,1
ORF1b,1264,4
ORF1b,1271,2
ORF1b,1273,3
ORF1b,1279,1
ORF1b,1287,1
ORF1b,1288,2
ORF1b,1291,4
ORF1b,1293,2
ORF1b,1302,1
ORF1b,1304,1
ORF1b,1312,2
ORF1b,1315,1
ORF1b,1321,1
ORF1b,1326,1
ORF1b,1331,1
ORF1b,1332,1
ORF1b,1336,1
ORF1b,1342,2
ORF1b,1344,1
ORF1b,1351,3
ORF1b,1352,1
ORF1b,1354,4
ORF1b,1362,1
ORF1b,1365,1
ORF1b,1373,1
ORF1b,1383,2
ORF1b,1391,2
ORF1b,1393,1
ORF1b,1397,1
ORF1b,1402,1
ORF1b,1404,2
ORF1b,1408,1
ORF1b,1414,1
ORF1b,1423,1
ORF1b,1426,2
ORF1b,1427,8
ORF1b,1430,1
ORF1b,1432,3
ORF1b,1443,1
ORF1b,1445,2
ORF1b,1449,1
ORF1b,1452,4
ORF1b,1464,1
ORF1b,1466,1
ORF1b,1468,1
ORF1b,1470,1
ORF1b,1481,1
ORF1b,1493,3
ORF1b,1498,1
ORF1b,1499,1
ORF1b,1504,3
ORF1b,1506,1
ORF1b,1511,4
ORF1b,1520,1
ORF1b,1521,4
ORF1b,1522,3
ORF1b,1525,1
ORF1b,1539,1
ORF1b,1540,3
ORF1b,1541,1
ORF1b,1546,1
ORF1b,1548,1
ORF1b,1550,4
ORF1b,1551,1
ORF1b,1552,1
ORF1b,1554,1
ORF1b,1555,2
ORF1b,1559,1
ORF1b,1560,1
ORF1b,1566,2
ORF1b,1567,2
ORF1b,1568,5
ORF1b,1570,7
ORF1b,1573,3
ORF1b,1581,1
ORF1b,1582,1
ORF1b,1586,1
ORF1b,1587,1
ORF1b,1590,1
ORF1b,1593,1
ORF1b,1594,3
ORF1b,1595,1
ORF1b,1596,2
ORF1b,1620,2
ORF1b,1621,2
ORF1b,1624,2
ORF1b,1637,1
ORF1b,1639,1
ORF1b,1643,6
ORF1b,1646,1
ORF1b,1649,4
ORF1b,1652,3
ORF1b,1653,1
ORF1b,1655,2
ORF1b,1656,2
ORF1b,1659,3
ORF1b,1661,1
ORF1b,1664,3
ORF1b,1666,1
ORF1b,1671,1
ORF1b,1676,1
ORF1b,1677,1
ORF1b,1681,4
ORF1b,1686,1
ORF1b,1687,1
ORF1b,1690,1
ORF1b,1693,1
ORF1b,1700,1
ORF1b,1701,3
ORF1b,1705,1
ORF1b,1717,1
ORF1b,1719,1
ORF1b,1723,1
ORF1b,1727,9
ORF1b,1728,1
ORF1b,1729,1
ORF1b,1736,1
ORF1b,1746,1
ORF1b,1755,1
ORF1b,1762,1
ORF1b,1772,1
ORF1b,1774,5
ORF1b,1775,1
ORF1b,1779,2
ORF1b,1798,1
ORF1b,1805,1
ORF1b,1813,1
ORF1b,1814,2
ORF1b,1821,3
ORF1b,1831,1
ORF1b,1839,1
ORF1b,1844,2
ORF1b,1847,1
ORF1b,1851,3
ORF1b,1852,1
ORF1b,1869,3
ORF1b,1871,2
ORF1b,1873,4
ORF1b,1882,1
ORF1b,1884,3
ORF1b,1895,1
ORF1b,1896,1
ORF1b,1897,1
ORF1b,1903,1
ORF1b,1913,1
ORF1b,1914,3
ORF1b,1915,3
ORF1b,1916,3
ORF1b,1917,3
ORF1b,1918,3
ORF1b,1936,3
ORF1b,1945,1
ORF1b,1951,1
ORF1b,1954,2
ORF1b,1961,2
ORF1b,1973,1
ORF1b,1975,1
ORF1b,1979,2
ORF1b,1981,1
ORF1b,1984,1
ORF1b,1985,1
ORF1b,1995,2
ORF1b,1996,1
ORF1b,2005,1
ORF1b,2013,1
ORF1b,2025,1
ORF1b,2027,2
ORF1b,2028,2
ORF1b,2032,1
ORF1b,2033,1
ORF1b,2040,2
ORF1b,2043,1
ORF1b,2046,1
ORF1b,2049,1
ORF1b,2063,1
ORF1b,2065,1
ORF1b,2067,1
ORF1b,2070,1
ORF1b,2073,2
ORF1b,2075,1
ORF1b,2084,2
ORF1b,2085,1
ORF1b,2089,1
ORF1b,2092,1
ORF1b,2116,1
ORF1b,2117,2
ORF1b,2120,1
ORF1b,2123,1
ORF1b,2130,1
ORF1b,2131,1
ORF1b,2132,2
ORF1b,2142,3
ORF1b,2143,1
ORF1b,2145,3
ORF1b,2146,1
ORF1b,2152,1
ORF1b,2160,1
ORF1b,2162,1
ORF1b,2163,5
ORF1b,2165,1
ORF1b,2168,1
ORF1b,2169,1
ORF1b,2174,1
ORF1b,2178,5
ORF1b,2190,1
ORF1b,2196,1
ORF1b,2197,1
ORF1b,2212,1
ORF1b,2213,4
ORF1b,2221,1
ORF1b,2222,2
ORF1b,2223,2
ORF1b,2226,1
ORF1b,2247,1
ORF1b,2250,1
ORF1b,2256,4
ORF1b,2257,4
ORF1b,2260,1
ORF1b,2262,1
ORF1b,2268,2
ORF1b,2270,2
ORF1b,2271,1
ORF1b,2274,2
ORF1b,2285,1
ORF1b,2294,1
ORF1b,2295,1
ORF1b,2297,1
ORF1b,2303,2
ORF1b,2306,2
ORF1b,2308,1
ORF1b,2310,3
ORF1b,2312,3
ORF1b,2313,3
ORF1b,2314,1
ORF1b,2315,1
ORF1b,2318,1
ORF1b,2320,2
ORF1b,2321,2
ORF1b,2322,1
ORF1b,2326,1
ORF1b,2333,3
ORF1b,2335,1
ORF1b,2338,1
ORF1b,2339,2
ORF1b,2341,1
ORF1b,2355,1
ORF1b,2356,1
ORF1b,2363,1
ORF1b,2367,1
ORF1b,2369,1
ORF1b,2370,1
ORF1b,2371,5
ORF1b,2376,1
ORF1b,2385,1
ORF1b,2386,1
ORF1b,2388,1
ORF1b,2390,1
ORF1b,2417,1
ORF1b,2421,1
ORF1b,2423,1
ORF1b,2425,1
ORF1b,2429,1
ORF1b,2430,1
ORF1b,2431,1
ORF1b,2432,2
ORF1b,2453,1
ORF1b,2458,1
ORF1b,2474,1
ORF1b,2488,3
ORF1b,2490,1
ORF1b,2499,1
ORF1b,2513,1
ORF1b,2514,1
ORF1b,2515,1
ORF1b,2523,5
ORF1b,2525,1
ORF1b,2537,4
ORF1b,2548,1
ORF1b,2552,1
ORF1b,2557,7
ORF1b,2559,2
ORF1b,2560,1
ORF1b,2564,1
ORF1b,2565,2
ORF1b,2575,1
ORF1b,2576,3
ORF1b,2579,1
ORF1b,2585,1
ORF1b,2610,2
ORF1b,2612,2
ORF1b,2613,14
ORF1b,2614,1
ORF1b,2623,1
ORF1b,2633,3
ORF1b,2635,2
ORF1b,2638,1
ORF1b,2652,1
ORF1b,2655,1
ORF1b,2662,1
ORF1b,2667,1
ORF1b,2684,1
ORF1b,2685,1
ORF1b,2688,4
ORF1b,2689,4
ORF1b,2690,4
ORF1b,2693,3
ORF1b,2694,3
ORF1b,2695,3
S,3,3
S,5,28
S,6,2
S,8,1
S,11,1
S,12,2
S,13,2
S,15,1
S,16,1
S,17,1
S,18,7
S,19,3
S,20,2
S,21,2
S,24,21
S,25,21
S,26,23
S,27,21
S,29,2
S,30,1
S,33,1
S,36,1
S,49,7
S,50,1
S,51,1
S,52,2
S,59,1
S,64,5
S,66,1
S,67,17
S,68,7
S,69,21
S,70,29
S,71,2
S,72,2
S,74,1
S,75,3
S,76,4
S,78,2
S,80,4
S,83,1
S,90,1
S,95,24
S,98,5
S,102,3
S,112,2
S,119,1
S,126,1
S,128,1
S,137,1
S,138,5
S,141,2
S,142,47
S,143,14
S,144,24
S,145,11
S,146,3
S,147,3
S,148,1
S,150,2
S,151,1
S,152,6
S,153,6
S,155,1
S,156,4
S,157,13
S,158,9
S,164,1
S,167,1
S,170,1
S,172,1
S,173,1
S,175,1
S,176,2
S,177,3
S,178,2
S,180,4
S,181,3
S,182,1
S,183,2
S,185,1
S,187,1
S,188,1
S,189,2
S,190,1
S,205,1
S,207,1
S,208,1
S,209,1
S,210,2
S,211,18
S,212,21
S,213,4
S,214,3
S,215,2
S,219,2
S,222,9
S,229,1
S,233,1
S,237,1
S,240,2
S,241,4
S,242,5
S,243,5
S,245,4
S,246,2
S,247,1
S,248,6
S,249,2
S,250,3
S,251,2
S,252,2
S,253,6
S,254,3
S,255,3
S,256,1
S,257,2
S,258,1
S,259,2
S,261,4
S,262,3
S,264,2
S,265,1
S,281,2
S,282,1
S,284,1
S,286,1
S,289,4
S,299,1
S,307,1
S,308,1
S,309,2
S,314,1
S,323,1
S,339,5
S,340,2
S,346,10
S,352,1
S,354,2
S,357,1
S,367,2
S,368,1
S,371,9
S,373,3
S,375,2
S,376,4
S,384,2
S,404,1
S,405,4
S,408,21
S,414,3
S,417,20
S,427,1
S,434,1
S,439,3
S,440,29
S,444,1
S,446,6
S,450,1
S,452,14
S,459,1
S,460,1
S,468,1
S,470,1
S,472,2
S,476,1
S,477,11
S,478,9
S,483,1
S,484,22
S,486,3
S,490,5
S,493,11
S,494,4
S,496,3
S,498,5
S,501,12
S,505,4
S,517,1
S,519,1
S,520,2
S,521,1
S,522,4
S,547,1
S,554,1
S,570,2
S,572,2
S,573,3
S,574,4
S,575,2
S,583,1
S,613,4
S,614,2
S,619,1
S,622,1
S,623,2
S,626,3
S,628,1
S,631,1
S,635,1
S,640,1
S,643,2
S,646,2
S,647,2
S,652,1
S,653,1
S,654,1
S,655,4
S,658,1
S,659,1
S,661,1
S,664,1
S,670,1
S,673,2
S,675,7
S,676,3
S,677,16
S,678,4
S,679,4
S,681,23
S,682,1
S,683,1
S,684,3
S,688,2
S,689,1
S,691,1
S,698,1
S,701,9
S,702,2
S,704,5
S,706,1
S,714,1
S,716,1
S,721,1
S,723,2
S,730,1
S,732,1
S,740,1
S,752,1
S,761,1
S,764,11
S,765,1
S,768,1
S,769,1
S,771,1
S,776,1
S,779,1
S,787,1
S,791,1
S,796,5
S,797,2
S,798,5
S,799,1
S,808,1
S,809,2
S,812,2
S,821,1
S,822,1
S,829,3
S,831,3
S,845,3
S,850,1
S,852,1
S,856,2
S,858,1
S,859,1
S,871,1
S,876,1
S,879,4
S,881,1
S,888,1
S,891,1
S,892,3
S,899,1
S,925,1
S,929,1
S,931,1
S,934,1
S,936,3
S,938,1
S,939,7
S,942,1
S,943,1
S,946,1
S,950,11
S,954,3
S,961,1
S,964,2
S,969,3
S,978,2
S,979,1
S,981,1
S,982,1
S,1009,1
S,1010,1
S,1018,1
S,1020,5
S,1027,2
S,1030,1
S,1040,2
S,1042,1
S,1050,1
S,1070,3
S,1071,1
S,1073,3
S,1078,5
S,1084,1
S,1085,1
S,1087,1
S,1089,1
S,1101,1
S,1104,4
S,1111,1
S,1113,3
S,1117,2
S,1118,3
S,1124,2
S,1127,1
S,1139,2
S,1143,3
S,1144,2
S,1147,1
S,1149,1
S,1153,2
S,1155,1
S,1156,1
S,1157,1
S,1159,1
S,1162,8
S,1163,3
S,1167,1
S,1170,1
S,1176,3
S,1180,1
S,1181,1
S,1188,1
S,1191,2
S,1199,1
S,1201,3
S,1202,1
S,1205,1
S,1208,1
S,1219,2
S,1221,1
S,1222,1
S,1228,3
S,1229,7
S,1230,1
S,1231,1
S,1234,1
S,1236,1
S,1237,3
S,1238,1
S,1240,1
S,1243,2
S,1245,1
S,1247,2
S,1252,2
S,1253,1
S,1255,1
S,1258,1
S,1261,3
S,1263,3
S,1264,5
ORF3a,9,4
ORF3a,11,3
ORF3a,12,1
ORF3a,13,1
ORF3a,14,1
ORF3a,15,5
ORF3a,16,4
ORF3a,18,3
ORF3a,22,3
ORF3a,23,6
ORF3a,24,3
ORF3a,25,2
ORF3a,26,3
ORF3a,27,2
ORF3a,29,1
ORF3a,30,2
ORF3a,31,1
ORF3a,32,1
ORF3a,33,3
ORF3a,35,2
ORF3a,37,2
ORF3a,38,3
ORF3a,40,2
ORF3a,41,4
ORF3a,42,5
ORF3a,43,2
ORF3a,44,2
ORF3a,45,4
ORF3a,46,1
ORF3a,47,2
ORF3a,48,2
ORF3a,49,4
ORF3a,50,2
ORF3a,52,1
ORF3a,53,2
ORF3a,54,5
ORF3a,55,1
ORF3a,57,4
ORF3a,60,4
ORF3a,61,1
ORF3a,63,2
ORF3a,65,2
ORF3a,67,2
ORF3a,68,3
ORF3a,69,2
ORF3a,72,3
ORF3a,73,1
ORF3a,74,10
ORF3a,75,2
ORF3a,77,1
ORF3a,78,11
ORF3a,85,1
ORF3a,88,2
ORF3a,89,4
ORF3a,92,1
ORF3a,94,3
ORF3a,95,1
ORF3a,97,3
ORF3a,99,6
ORF3a,100,3
ORF3a,101,1
ORF3a,102,1
ORF3a,103,1
ORF3a,104,2
ORF3a,106,7
ORF3a,107,2
ORF3a,108,7
ORF3a,110,7
ORF3a,112,1
ORF3a,113,1
ORF3a,117,1
ORF3a,119,1
ORF3a,122,2
ORF3a,123,1
ORF3a,125,1
ORF3a,127,1
ORF3a,128,1
ORF3a,131,5
ORF3a,132,1
ORF3a,134,1
ORF3a,136,1
ORF3a,140,4
ORF3a,142,1
ORF3a,143,1
ORF3a,147,1
ORF3a,149,1
ORF3a,151,7
ORF3a,154,1
ORF3a,155,9
ORF3a,162,2
ORF3a,165,2
ORF3a,166,4
ORF3a,170,1
ORF3a,171,11
ORF3a,172,4
ORF3a,173,1
ORF3a,174,3
ORF3a,175,5
ORF3a,177,1
ORF3a,179,2
ORF3a,181,2
ORF3a,182,2
ORF3a,185,2
ORF3a,194,1
ORF3a,196,1
ORF3a,199,1
ORF3a,202,3
ORF3a,204,1
ORF3a,207,1
ORF3a,208,1
ORF3a,211,3
ORF3a,213,2
ORF3a,216,1
ORF3a,220,1
ORF3a,221,2
ORF3a,223,5
ORF3a,224,4
ORF3a,225,2
ORF3a,229,2
ORF3a,236,2
ORF3a,237,1
ORF3a,238,3
ORF3a,239,3
ORF3a,240,4
ORF3a,241,1
ORF3a,244,1
ORF3a,251,4
ORF3a,253,3
ORF3a,254,3
ORF3a,255,4
ORF3a,256,9
ORF3a,257,7
ORF3a,258,1
ORF3a,259,2
ORF3a,260,1
ORF3a,261,1
ORF3a,262,2
ORF3a,263,1
ORF3a,266,1
ORF3a,267,1
ORF3a,269,1
ORF3a,270,1
ORF3a,275,1
E,9,6
E,11,1
E,13,1
E,14,1
E,18,2
E,21,2
E,30,1
E,43,1
E,50,2
E,51,1
E,55,3
E,58,1
E,61,3
E,62,3
E,68,2
E,71,5
E,73,1
E,75,2
M,2,2
M,3,15
M,4,1
M,6,1
M,15,2
M,17,1
M,19,19
M,23,2
M,26,1
M,28,1
M,29,1
M,30,1
M,40,1
M,48,1
M,63,9
M,66,1
M,69,2
M,70,3
M,77,2
M,78,1
M,82,9
M,85,3
M,94,1
M,107,3
M,109,1
M,125,3
M,128,1
M,131,1
M,136,1
M,139,1
M,142,1
M,146,1
M,155,3
M,162,1
M,168,1
M,173,1
M,175,1
M,194,1
M,197,1
M,209,2
M,210,1
M,221,1
ORF6,2,2
ORF6,5,1
ORF6,6,1
ORF6,7,1
ORF6,8,1
ORF6,10,1
ORF6,11,1
ORF6,13,1
ORF6,14,1
ORF6,17,1
ORF6,19,1
ORF6,20,2
ORF6,21,1
ORF6,22,1
ORF6,23,1
ORF6,24,2
ORF6,25,1
ORF6,26,1
ORF6,27,3
ORF6,28,1
ORF6,29,1
ORF6,30,1
ORF6,31,1
ORF6,32,1
ORF6,33,1
ORF6,35,1
ORF6,39,1
ORF6,43,1
ORF6,48,2
ORF6,55,1
ORF6,57,3
ORF6,59,1
ORF6,60,3
ORF6,61,7
ORF7a,2,1
ORF7a,3,1
ORF7a,4,2
ORF7a,5,2
ORF7a,6,3
ORF7a,7,1
ORF7a,8,1
ORF7a,9,1
ORF7a,10,1
ORF7a,11,3
ORF7a,12,2
ORF7a,13,2
ORF7a,14,5
ORF7a,15,1
ORF7a,16,1
ORF7a,17,2
ORF7a,18,1
ORF7a,19,1
ORF7a,20,2
ORF7a,21,1
ORF7a,22,1
ORF7a,23,2
ORF7a,24,2
ORF7a,25,1
ORF7a,26,2
ORF7a,28,4
ORF7a,29,1
ORF7a,34,6
ORF7a,35,1
ORF7a,36,1
ORF7a,37,1
ORF7a,38,4
ORF7a,39,4
ORF7a,40,3
ORF7a,41,4
ORF7a,42,4
ORF7a,43,3
ORF7a,44,3
ORF7a,45,5
ORF7a,46,5
ORF7a,47,9
ORF7a,48,3
ORF7a,49,4
ORF7a,50,7
ORF7a,51,6
ORF7a,52,5
ORF7a,53,6
ORF7a,54,8
ORF7a,55,11
ORF7a,56,9
ORF7a,57,9
ORF7a,58,10
ORF7a,59,11
ORF7a,60,11
ORF7a,61,13
ORF7a,62,19
ORF7a,63,16
ORF7a,64,14
ORF7a,65,13
ORF7a,66,13
ORF7a,67,11
ORF7a,68,11
ORF7a,69,11
ORF7a,70,11
ORF7a,71,12
ORF7a,72,10
ORF7a,73,14
ORF7a,74,12
ORF7a,75,10
ORF7a,76,10
ORF7a,77,9
ORF7a,78,10
ORF7a,79,6
ORF7a,80,7
ORF7a,81,8
ORF7a,82,12
ORF7a,83,7
ORF7a,84,7
ORF7a,85,6
ORF7a,86,6
ORF7a,87,4
ORF7a,88,4
ORF7a,89,7
ORF7a,90,4
ORF7a,91,3
ORF7a,92,4
ORF7a,93,6
ORF7a,94,4
ORF7a,95,4
ORF7a,96,3
ORF7a,97,3
ORF7a,98,3
ORF7a,99,3
ORF7a,100,2
ORF7a,101,4
ORF7a,102,5
ORF7a,103,4
ORF7a,104,3
ORF7a,105,3
ORF7a,106,1
ORF7a,107,1
ORF7a,108,1
ORF7a,109,1
ORF7a,110,1
ORF7a,111,1
ORF7a,113,1
ORF7a,114,2
ORF7a,115,3
ORF7a,116,2
ORF7a,117,1
ORF7a,118,1
ORF7a,120,5
ORF7a,121,2
ORF7b,3,2
ORF7b,4,2
ORF7b,5,3
ORF7b,6,1
ORF7b,8,3
ORF7b,10,1
ORF7b,11,1
ORF7b,13,5
ORF7b,14,3
ORF7b,15,4
ORF7b,16,2
ORF7b,21,1
ORF7b,26,1
ORF7b,29,2
ORF7b,31,3
ORF7b,32,1
ORF7b,34,4
ORF7b,35,1
ORF7b,37,1
ORF7b,39,1
ORF7b,40,3
ORF7b,41,2
ORF7b,42,3
ORF7b,43,2
ORF8,4,1
ORF8,8,3
ORF8,9,1
ORF8,10,4
ORF8,11,4
ORF8,12,1
ORF8,14,4
ORF8,16,1
ORF8,17,1
ORF8,18,7
ORF8,21,1
ORF8,24,3
ORF8,26,2
ORF8,27,7
ORF8,30,2
ORF8,32,1
ORF8,33,1
ORF8,34,2
ORF8,35,2
ORF8,36,4
ORF8,38,4
ORF8,39,4
ORF8,40,1
ORF8,41,1
ORF8,42,1
ORF8,43,1
ORF8,44,1
ORF8,45,3
ORF8,46,1
ORF8,47,1
ORF8,48,1
ORF8,49,1
ORF8,50,1
ORF8,51,1
ORF8,52,3
ORF8,56,1
ORF8,60,1
ORF8,62,7
ORF8,64,2
ORF8,65,7
ORF8,66,6
ORF8,67,18
ORF8,68,7
ORF8,69,2
ORF8,70,1
ORF8,72,4
ORF8,73,1
ORF8,76,2
ORF8,84,1
ORF8,85,1
ORF8,86,1
ORF8,87,1
ORF8,88,1
ORF8,90,1
ORF8,91,2
ORF8,92,3
ORF8,93,3
ORF8,96,1
ORF8,99,2
ORF8,100,1
ORF8,102,4
ORF8,106,4
ORF8,114,2
ORF8,115,1
ORF8,118,1
ORF8,119,6
ORF8,120,11
ORF8,121,13
N,2,2
N,3,3
N,5,3
N,6,6
N,7,1
N,8,3
N,9,4
N,12,7
N,13,17
N,14,2
N,16,1
N,18,4
N,22,2
N,23,1
N,24,2
N,25,1
N,26,1
N,30,7
N,31,17
N,32,16
N,33,20
N,34,1
N,35,1
N,36,2
N,39,2
N,46,2
N,49,2
N,50,1
N,55,1
N,62,1
N,63,8
N,67,3
N,70,1
N,74,1
N,76,1
N,80,1
N,84,1
N,90,2
N,94,1
N,95,2
N,96,1
N,98,1
N,103,1
N,119,2
N,127,1
N,128,2
N,134,3
N,135,7
N,136,5
N,139,5
N,141,3
N,142,2
N,144,2
N,145,1
N,148,1
N,151,7
N,152,3
N,155,1
N,156,1
N,160,1
N,161,3
N,162,4
N,163,1
N,166,2
N,167,2
N,168,2
N,173,1
N,180,1
N,182,1
N,183,1
N,187,1
N,189,1
N,190,1
N,191,1
N,193,4
N,194,6
N,195,6
N,196,1
N,197,4
N,198,1
N,199,3
N,200,1
N,201,2
N,202,2
N,203,9
N,204,5
N,205,11
N,206,4
N,207,3
N,208,4
N,209,2
N,210,5
N,211,4
N,212,2
N,214,2
N,215,3
N,217,1
N,218,2
N,220,3
N,229,1
N,230,3
N,232,1
N,234,5
N,235,2
N,236,3
N,237,1
N,238,3
N,242,1
N,243,2
N,244,1
N,247,1
N,251,2
N,252,2
N,256,2
N,270,1
N,271,2
N,276,1
N,279,2
N,280,1
N,282,1
N,283,1
N,289,1
N,292,1
N,294,1
N,296,1
N,300,5
N,306,1
N,308,2
N,317,1
N,319,1
N,321,1
N,324,1
N,325,1
N,326,4
N,327,6
N,329,1
N,332,1
N,334,1
N,336,1
N,343,2
N,348,3
N,350,1
N,359,3
N,362,8
N,364,1
N,365,1
N,366,6
N,367,1
N,368,1
N,372,1
N,373,2
N,374,2
N,376,2
N,377,9
N,378,1
N,379,1
N,381,1
N,382,1
N,383,5
N,384,1
N,385,3
N,386,1
N,387,1
N,389,1
N,391,1
N,392,1
N,398,4
N,399,3
N,402,3
N,406,1
N,409,1
N,413,6
N,414,2
N,416,4
N,418,1
ORF9b,1,2
ORF9b,2,3
ORF9b,3,5
ORF9b,4,1
ORF9b,5,4
ORF9b,6,4
ORF9b,8,5
ORF9b,9,2
ORF9b,10,16
ORF9b,11,1
ORF9b,13,3
ORF9b,14,2
ORF9b,15,2
ORF9b,16,2
ORF9b,18,2
ORF9b,19,1
ORF9b,20,1
ORF9b,23,1
ORF9b,26,3
ORF9b,27,18
ORF9b,28,17
ORF9b,29,18
ORF9b,30,1
ORF9b,31,1
ORF9b,32,8
ORF9b,33,3
ORF9b,34,1
ORF9b,36,2
ORF9b,37,1
ORF9b,38,5
ORF9b,39,2
ORF9b,40,1
ORF9b,43,1
ORF9b,47,4
ORF9b,50,4
ORF9b,51,3
ORF9b,57,3
ORF9b,59,3
ORF9b,60,8
ORF9b,63,1
ORF9b,65,1
ORF9b,66,1
ORF9b,72,3
ORF9b,73,1
ORF9b,75,2
ORF9b,77,1
ORF9b,78,1
ORF9b,82,1
ORF9b,83,4
ORF9b,86,2
ORF9b,92,2
ORF9b,95,1
ORF9b,96,1